firstname;telephone_number;email;password;role;created_at;children
Susan;264426707;vasquezgregory@example.com;7WUhloSL14Pc;user;2023-04-04 11:26:14;Carol (10)
Laura;(48)655261542;qhernandez@example.org;ipDbfwF8A5F9;user;2023-09-04 22:46:36;
David;287724742;jefferyblair@example.net;MHBtHAFH86p0;user;2023-04-30 10:51:09;Joel (6),Alexandra (14)
Lauren;693912077;alexandrablack@example.net;SXJPWKsde789;user;2023-06-25 01:30:13;Allen (6),Fred (13)
Debbie;353299767;graytyler@example.org;HwZ2O6shNk6X;user;2023-08-28 19:17:48;Stephen (10),Kristen (12)
Lori;468752682;xfields@example.org;4RGFISMzWjVl;user;2023-08-17 13:13:12;Andrea (9)
Jeff;00990601681;brianagreer@example.com;M0DAsYj6GjpW;admin;2023-11-23 18:32:02;
Patricia;921251868;roberta10@example.net;C5Mv2sMg6cWm;admin;2023-02-26 12:09:47;
Logan;(48)759715754;jacquelinemiller@example.com;14A2OQ5m3w6K;user;2023-11-12 23:51:46;Katherine (12)
Stephanie;(48)765668717;whitecharles@example.com;aNUvJokM8ZKZ;admin;2023-04-25 14:05:23;Nicholas (2)
Tina;(48)187446995;sara47@example.net;xJjv8XICl8Wl;user;2023-10-18 21:03:34;
Antonio;(48)801772973;munozveronica@example.net;R1RirKpstecT;user;2023-09-01 10:55:58;Larry (13),Sonia (14)
Patricia;(48)308075421;crodriguez@example.com;0sPiCqoHFe8n;user;2023-02-05 05:41:00;Kristen (9)
Connie;+48480867834;todd09@example.com;rP6nExOQK2B9;user;2023-08-17 15:01:01;
Carrie;+48122626676;vaughnwillie@example.net;8cE3Vkxr61FD;admin;2023-06-07 01:21:01;Thomas (12),John (12)
